,Variable 0,Variable 1,Variable 2,Sujeto,AÃ±o
0,-0.07703619,1.9391026,0.52683234,3000,0
1,0.38734442,0.42278558,0.36864007,3001,0
2,0.5001755,0.08305312,0.63576347,3001,1
3,1.2151049,0.117825925,0.7922071,3001,2
4,0.94332385,-0.3124154,0.8522079,3001,3
5,0.71661615,0.4601475,0.42400137,3001,4
6,-0.77643573,0.5208949,0.4996638,3002,0
7,0.31465426,-1.0614886,0.3173891,3002,1
8,-0.4878702,-0.72939444,0.67470217,3002,2
9,-1.0891523,0.48667952,0.41493908,3002,3
10,-0.13978547,-0.529186,0.93212306,3002,4
11,0.22006343,-0.1982871,0.62544143,3003,1
12,-0.93315464,2.3970165,0.6519791,3003,2
13,-0.91953576,2.3750303,0.6785342,3003,3
14,-0.07291561,1.1873531,-0.086991325,3004,0
15,1.2925888,-0.07817423,0.9077295,3006,1
16,-0.029134415,0.39459318,0.1033795,3008,0
17,0.5031466,2.0556085,0.037173904,3009,0
18,-0.4756506,0.7321244,0.27271527,3010,0
19,-0.4241617,0.24840944,0.20917585,3010,1
20,-0.5125229,0.46230233,0.324281,3010,2
21,-0.08920319,0.71018773,0.72853774,3010,4
22,-0.4306395,-0.17559241,0.610339,3011,0
23,0.26459867,0.5004581,0.64523894,3012,0
24,0.56139964,0.18714924,0.8778268,3012,1
25,0.19981486,0.52974945,0.97679055,3012,2
26,1.0695622,-0.921753,1.0672512,3012,4
27,-0.86059654,0.56682503,1.2581652,3013,0
28,-0.18144332,1.2337396,0.6330261,3014,0
29,0.5525378,0.84282124,0.53770983,3014,1
30,-0.21965584,1.3547695,0.47322965,3014,2
31,-0.9229498,0.46169186,0.656803,3016,0
32,0.51425815,-0.24230252,0.8871462,3018,0
33,0.34826612,-0.025491666,1.004633,3018,1
34,0.64258766,-0.074290305,1.3766806,3018,2
35,0.60079455,0.8613012,0.27346858,3020,0
36,1.3024933,0.93442345,0.3155929,3020,1
37,0.97739923,1.0089352,0.036759064,3020,2
38,1.2254275,0.6001189,0.60451424,3020,4
39,0.72793376,-0.17907548,1.0309849,3021,0
40,0.85404676,-0.15348196,1.4932084,3021,1
41,0.7755619,-0.50621337,1.4802665,3021,2
42,0.028338328,0.43745515,0.26851788,3022,0
43,1.1955947,0.77289563,0.6586089,3023,0
44,0.9621023,1.0083264,0.45462164,3023,1
45,0.8189378,1.1422405,0.5798397,3023,2
46,0.62829417,1.0064926,0.4036516,3024,0
47,0.7120151,0.88038456,0.06120204,3024,1
48,-0.21707135,-0.31620133,-0.08635652,3025,0
49,1.3544992,1.6717541,0.93001497,3026,0
50,-0.1922082,0.80999243,0.3499598,3027,0
51,0.34774876,1.0232631,0.68337834,3027,1
52,0.26525098,-0.59097844,1.2385378,3027,2
53,-0.17458047,-0.55923164,0.3081963,3028,0
54,-0.33589375,-0.36653847,0.13816291,3028,1
55,-0.20845892,-0.59936714,-0.0016892441,3028,2
56,-0.3642086,-0.47629192,0.17868514,3028,5
57,-0.16856544,-0.38101035,-0.057130814,3029,0
58,-0.8110602,1.8435781,0.28099766,3050,0
59,0.30219918,-1.1352955,0.14983037,3050,2
60,0.35210553,-1.2573907,0.44953945,3050,4
61,0.74067783,0.2243977,1.0541981,3051,0
62,0.6092829,0.23320727,0.7456082,3051,1
63,1.1535959,-1.012822,0.82516414,3051,2
64,0.9083563,-0.16836007,1.2249324,3051,4
65,0.84415054,0.8619809,0.9207385,3052,0
66,1.0138359,0.62788814,1.2056024,3052,1
67,0.91926813,0.35341927,1.1096045,3052,2
68,1.0172487,-0.11985278,1.4469794,3052,4
69,0.034028225,1.5287937,0.04958844,3053,0
70,1.0672566,0.9546996,0.19253448,3054,0
71,0.70892173,0.6180721,0.51526594,3054,1
72,1.179685,-0.40038854,0.770541,3054,2
73,0.7427082,-0.1932633,0.5354384,3054,4
74,0.1254857,1.201292,0.7218737,3055,0
75,0.7186982,1.2245839,0.49354857,3056,0
76,0.94290835,0.86026084,0.75123405,3056,1
77,1.341842,0.3786423,1.4408852,3056,2
78,0.77571064,-1.0904225,1.2780612,3056,4
79,0.7974706,1.0804486,0.30366087,3057,0
80,0.89301455,0.5502969,0.5834441,3058,0
81,0.89851415,0.4687361,0.9221543,3058,1
82,1.2138623,0.1111435,1.5501864,3058,2
83,1.0136355,-1.2896686,1.873909,3058,4
84,1.0381447,2.6912532,-0.49419394,3059,0
85,1.491365,1.5822163,0.31056267,3059,1
86,1.7000331,1.4712284,0.5771566,3059,2
87,0.30815378,-0.8453366,1.435796,3059,4
88,0.9441922,1.5063349,1.4932073,3060,0
89,1.7224866,0.22103234,1.6410279,3060,1
90,1.971039,-1.0350938,0.9794948,3060,2
91,1.4679269,1.7598476,1.3690102,3060,4
92,0.9810733,0.27604645,0.6134035,3061,0
93,0.67615473,0.4607392,0.8645267,3061,1
94,1.3520011,0.6415116,0.8103067,3061,2
95,1.0510355,0.53437966,0.79143476,3061,4
96,-0.0842408,0.46265817,0.025063753,3062,0
97,-0.16716409,0.2773195,-0.06314044,3062,1
98,0.586469,-0.3274996,0.36777773,3062,2
99,0.16824922,-0.17961347,0.77983737,3062,4
100,-0.037119024,1.1957651,1.1547642,3064,0
101,1.160429,1.3819289,1.2356813,3066,0
102,2.1999352,-0.15214972,1.30021,3066,1
103,1.7176862,-0.0071510905,1.2472639,3066,2
104,0.7368328,-1.7064453,1.521199,3066,4
105,0.7128135,0.23386882,0.19028123,3067,0
106,0.5622434,0.018256687,0.41068965,3067,1
107,0.6955602,0.032056972,0.4334442,3067,2
108,1.1468,0.27497107,0.24366108,3067,4
109,0.8097854,0.2526023,-0.60450035,3068,0
110,0.5088062,0.034478664,-0.15544447,3068,1
111,0.67184633,0.06564895,-0.45845792,3068,2
112,0.27565342,0.24641716,-0.19319361,3068,4
113,1.6390052,1.7479901,-0.08820832,3069,0
114,0.27904382,1.2363508,-0.17713311,3071,0
115,0.15743338,1.5618342,0.54952854,3072,0
116,0.945531,1.5124037,0.110304326,3073,0
117,0.026373006,0.5107094,0.30718774,3074,0
118,0.2148912,0.7809044,0.62002826,3075,0
119,1.0373416,0.3961559,1.2805637,3076,0
120,1.3114431,-0.17749384,1.412487,3076,1
121,1.4537117,-0.909023,1.6004772,3076,2
122,0.66646606,-0.4386353,-0.32251132,3077,0
123,0.2933427,-0.81984156,0.40676567,3077,1
124,0.40154204,-0.37935844,-0.12446327,3077,2
125,0.17933238,-0.6435466,0.13704646,3077,4
126,-0.7626623,0.09678155,1.7602873,3078,0
127,-0.6508981,0.1387388,1.1499319,3078,1
128,-0.6792418,-0.15105616,1.3038242,3078,2
129,0.79043186,1.207986,0.10684936,3079,0
130,1.3709543,-0.38016236,0.5355852,3079,2
131,0.72667074,0.57322013,0.258543,3080,0
132,0.8340131,0.3496105,0.86395234,3080,1
133,0.53770363,-0.604763,1.4384663,3080,2
134,0.26183698,0.7102105,0.62104475,3082,0
135,1.0595106,-0.358259,0.5338404,3082,2
136,1.0571476,0.61028415,0.63679516,3083,0
137,1.1979294,-0.29281595,0.6234708,3083,1
138,1.0353141,-0.38016543,0.68517,3083,2
139,1.2943944,-0.53240424,0.76123554,3083,4
140,1.5576582,1.0183496,-0.108824685,3085,0
141,-1.228578,0.5152298,0.31234503,3086,0
142,-0.3420896,-0.6505146,0.7051971,3086,1
143,-1.2538803,0.61483306,0.2646131,3086,2
144,-1.3783178,0.5194072,0.2206397,3086,4
145,0.11973807,0.04454519,-0.48104098,3087,0
146,0.2237295,-0.3761319,-0.51293147,3088,0
147,0.14195795,-0.4122623,-0.4303345,3088,1
148,0.20528299,-0.42724156,-0.35988963,3088,2
149,-0.049599983,-0.5394587,-0.25770062,3088,4
150,-0.1426388,0.07756385,0.1366224,3089,0
151,-0.22719964,-0.879938,0.20019057,3089,2
152,-0.046153337,-0.17095019,-0.08227515,3089,4
153,-0.2208962,2.407318,0.73154867,3100,0
154,0.7547756,1.2548422,-0.7134407,3101,0
155,0.48066002,0.72769016,1.0519465,3101,2
156,0.49332193,1.5461749,0.103224136,3102,0
157,0.99449193,-0.5489904,0.944875,3102,1
158,1.3877183,1.0565416,0.57483536,3102,2
159,1.0221167,1.4014909,0.66714644,3102,4
160,0.86675113,2.4811823,0.055141233,3104,0
161,-0.6227701,0.19622037,2.089692,3105,0
162,0.24851318,0.23345068,1.8525546,3105,1
163,0.06937993,0.74840105,2.0801442,3105,2
164,0.043997653,0.66812944,2.442179,3105,4
165,-1.0448788,0.1613172,1.2599118,3106,0
166,-0.05220972,1.4552035,1.3916101,3107,0
167,0.4689281,0.45810714,1.7317753,3107,1
168,0.4405284,1.2837685,0.9566755,3107,2
169,-0.40231815,-0.9138057,1.9970139,3107,4
170,-0.7334325,0.6978593,1.5324621,3108,0
171,-0.96867585,0.5496057,1.6668061,3108,1
172,-0.6041637,0.74821615,1.3279617,3108,2
173,-0.36675942,0.8609329,1.3268715,3108,4
174,-0.8403324,0.12318805,0.71916497,3109,0
175,0.41516012,1.2055911,1.3073616,3110,0
176,0.25735295,0.86361957,1.5288246,3110,1
177,0.85145426,-0.72890383,1.8147122,3110,2
178,0.6596059,-0.37179065,1.7789038,3110,4
179,0.08809641,-1.69188,1.3662957,3111,0
180,-0.95476866,0.018738296,1.5012282,3111,1
181,0.69133395,-0.38961643,0.000828024,3111,2
182,0.91076833,1.4338555,0.5583361,3112,0
183,-0.50942487,-0.64218664,0.860435,3113,0
184,0.3435697,1.2068392,1.5358102,3113,1
185,-0.24015474,-0.43111277,0.861529,3113,2
186,-0.13658544,0.70914626,0.7389823,3114,0
187,-0.35814562,0.9586207,0.7470645,3115,0
188,-0.9374749,1.60611,0.21708971,3116,0
189,-0.90584147,1.4749495,0.024771698,3116,1
190,-1.0164169,1.7679124,0.26667976,3116,2
191,-1.089991,1.5512265,-0.08489452,3116,4
192,-0.50499237,1.2360326,0.22863165,3118,0
193,-0.76088846,0.8629331,0.2312407,3118,1
194,-0.75882035,1.0625938,0.39235735,3118,2
195,-0.04100982,1.823957,-0.14698161,3118,4
196,-0.3396859,0.4690393,1.549539,3119,0
197,-0.41667902,0.52504915,1.9246321,3119,1
198,-0.32071698,0.2371037,1.8904029,3119,2
199,-0.103556395,0.5641458,1.4254477,3119,4
200,0.20516548,-0.14484434,1.8821963,3120,0
201,0.13083431,0.4998486,1.4853622,3120,1
202,0.37256372,0.16798188,2.2604935,3120,2
203,0.14605178,-0.39236116,0.23841879,3122,0
204,-0.13810822,-0.18215184,0.0774817,3122,1
205,0.21607614,-0.13509268,0.15074712,3122,2
206,0.18033247,0.4581163,2.0122786,3123,0
207,0.32356906,0.44334626,1.1322042,3123,1
208,-0.406875,0.73864985,1.8458728,3123,2
209,-0.17833601,-0.8861178,0.84281904,3124,0
210,-0.16058707,-0.7736011,0.56245255,3124,1
211,-0.055059098,-0.70436823,1.1058784,3124,2
212,0.2177301,0.85941553,1.2438319,3125,0
213,0.40420523,0.7005135,1.4323568,3125,1
214,0.97678006,-0.23983309,0.96121716,3125,2
215,-0.55537045,0.9511751,-0.3957421,3126,0
216,-0.50367314,1.9993502,-1.2101729,3126,1
217,-0.69977945,-0.4251596,0.23074628,3126,2
218,-0.82091606,1.1987708,-0.17537811,3126,4
219,-0.37839317,-0.069063604,1.5558271,3127,0
220,-0.36639237,0.2567418,2.2692964,3127,4
221,-0.29991254,-0.75462544,0.9362522,3128,0
222,-1.3691167,1.131476,0.9467989,3128,1
223,0.108818285,0.2563824,1.3601801,3128,2
224,-0.20401347,-0.5141191,0.82890916,3128,4
225,-0.4541638,1.5097607,0.3089813,3129,0
226,-0.008844994,0.96357816,1.5247636,3130,0
227,-0.11749485,0.9531955,1.0918615,3130,1
228,-0.119420655,0.89220786,1.3468909,3130,2
229,-0.055163875,1.0944294,1.5823014,3130,4
230,0.25256267,0.37947717,-0.2646771,3131,0
231,-0.110348634,-0.35173222,0.053175025,3131,1
232,0.18050024,-0.114367425,0.23012573,3131,2
233,0.54935807,1.497677,0.06928415,3132,0
234,-0.056296617,-0.5072867,0.75314534,3132,1
235,-0.21945295,-0.4548207,0.6682177,3132,2
236,-1.2623234,1.6895869,0.15218598,3132,4
237,-1.1756953,0.74975765,0.4394937,3134,0
238,-1.0595562,1.0223669,0.178325,3134,1
239,-1.6341069,0.7986566,0.71546227,3134,2
240,-1.6743844,0.500391,0.64175117,3134,4
241,-0.1545555,2.4159036,0.5231141,3150,0
242,1.1546124,1.1786989,0.66788065,3150,1
243,1.0650902,0.99989843,0.6182267,3150,2
244,0.25952584,1.429752,0.15277076,3151,0
245,0.040312067,1.7926683,0.11242204,3154,0
246,0.23429395,1.3073978,0.3802481,3154,1
247,-0.054396674,1.4092767,0.369254,3154,2
248,1.0610251,0.09715997,0.62198675,3154,4
249,0.48294228,1.3165758,-0.039370574,3156,0
250,0.6412348,1.2460177,0.22855525,3157,0
251,0.846275,0.9435464,1.0947816,3160,0
252,0.7508542,1.2649925,0.48964757,3161,0
253,-0.91151685,-0.39677936,1.6380105,3162,0
254,0.32798803,0.12645169,0.1863201,3162,1
255,-0.6226605,-0.023749791,1.6966932,3162,2
256,-0.08379345,1.61023,0.99754053,3165,0
257,0.8317138,0.18317907,-0.4480823,3166,0
258,0.5898247,1.5456423,-0.3927612,3166,1
259,0.9977513,0.016789258,-0.51835036,3166,2
260,1.2707809,0.71561676,0.2394938,3168,0
261,0.92870665,0.6251604,0.31040132,3168,1
262,0.75525594,0.26891237,0.27424082,3168,2
263,0.6713254,-0.9517936,0.18659252,3168,4
264,0.85231173,1.8848099,0.107270606,3169,0
265,0.010288775,1.7511929,0.13760512,3170,0
266,0.1547043,1.4930645,0.2726011,3170,2
267,0.33052522,1.4677285,0.5035822,3171,0
268,0.42258072,1.8707911,-0.07286556,3172,0
269,-0.03818982,0.044824563,0.7686615,3173,0
270,-0.053481326,0.007828725,0.88097376,3173,1
271,0.05313168,0.29210454,1.0954198,3173,2
272,0.6902053,-0.7420268,0.96782494,3173,4
273,0.6488771,1.5849125,0.39903066,3174,0
274,0.83918864,0.89902806,0.721182,3174,1
275,0.8908607,1.0934898,0.41248056,3174,2
276,1.5985513,-0.91847086,0.33554676,3174,4
277,-0.11071761,2.0071099,0.5101692,3175,0
278,0.13628606,1.0390329,0.53757674,3175,1
279,-0.23173901,1.034394,0.54259574,3175,2
280,-0.017675616,1.65675,0.40640444,3175,4
281,0.2728197,0.9645171,0.2097387,3176,0
282,0.25548357,0.96659595,0.40712488,3176,1
283,0.16909419,0.88324714,0.34241635,3176,2
284,0.4293321,-0.42409104,0.17897059,3178,0
285,0.63758665,-0.6098729,0.19405338,3178,1
286,0.51147866,-0.8184685,0.1756042,3178,2
287,0.8091778,0.87289727,0.023707777,3179,0
288,0.5439293,1.4673562,0.067496575,3179,1
289,1.1025604,1.0447749,0.24664143,3179,2
290,0.54294944,0.14873987,0.69216436,3180,0
291,0.3050096,-0.7442503,1.1141576,3180,1
292,0.45683146,-0.5015334,1.0998642,3180,2
293,0.32926995,0.47226354,1.0467776,3181,0
294,0.10542276,0.3973667,1.0479747,3181,1
295,0.7558824,-0.25157663,1.2406108,3181,2
296,-0.24871859,0.024669066,1.3079047,3182,0
297,-0.15358698,0.4558838,1.7624667,3182,1
298,-0.34710553,-0.058436695,1.2431202,3182,2
299,-0.12787397,0.3325553,1.4851238,3182,4
300,-0.0010105073,1.7010788,-0.08671944,3183,0
301,0.4850626,1.529189,-0.023294732,3183,2
302,0.41504437,-0.19834745,1.274972,3184,0
303,0.8880857,0.35396564,1.5007759,3184,1
304,1.0384051,-0.59058297,1.9064308,3184,2
305,0.6441595,0.43693405,0.43918467,3184,4
306,-0.07758777,0.015285954,1.2612774,3185,0
307,0.3711887,-0.38672706,1.3640425,3185,1
308,0.23262878,-0.6270361,1.441928,3185,2
309,-0.19501121,-1.0542647,1.1818678,3185,4
310,0.24276216,0.6217461,0.034970783,3186,0
311,0.013673045,0.008415461,0.49305165,3186,1
312,-0.25875318,-0.5798636,1.5885178,3186,2
313,-0.089101925,-0.10780187,0.06766589,3186,4
314,0.9116618,1.2832266,0.04660081,3188,0
315,0.79873914,1.2382683,-0.22934432,3189,0
316,-0.9964381,-1.5240798,1.8684176,3189,2
317,1.1559582,0.12662499,-0.08311631,3190,0
318,0.9976901,0.4361972,0.19976076,3190,1
319,1.2876087,-0.18921316,0.17161238,3190,2
320,0.9838657,0.34389704,-0.16414054,3190,4
321,-0.3075576,1.2859675,0.29002,3191,0
322,-0.55379015,0.6169038,0.51565486,3200,0
323,-0.30543593,0.0903019,0.48709378,3201,0
324,0.8470487,1.0599675,0.7117879,3203,0
325,0.7573592,1.2581402,0.6963751,3203,1
326,0.8336477,1.4667425,1.0318387,3203,2
327,0.7030416,1.1175804,0.69405824,3203,3
328,0.25296274,2.015916,0.33819842,3205,0
329,0.47736287,-1.076636,1.243881,3205,4
330,-0.69206893,1.4460093,0.9754253,3206,0
331,0.33908057,1.7482791,1.4422419,3207,0
332,0.04976242,-0.0895715,1.5261161,3207,1
333,0.62411404,1.8626592,0.9742396,3207,2
334,0.68754417,-0.6424894,1.4047443,3207,4
335,-0.95870227,2.4736645,-0.51684344,3209,0
336,-1.0498617,2.065685,-0.36776647,3209,1
337,-0.990754,2.1661038,-0.30002174,3209,2
338,0.6782667,1.4131627,0.02478894,3209,4
339,-0.024037004,0.6258069,1.168195,3211,0
340,-0.13104616,1.3964787,1.047753,3211,1
341,-0.17315017,0.4533047,1.1045352,3211,2
342,1.4723535,1.5062933,0.7550084,3212,0
343,1.1225756,1.0004073,1.1039615,3212,1
344,1.4401865,1.4097669,0.8839525,3212,2
345,1.480754,-0.50949085,1.554771,3212,4
346,-0.2824419,0.7308417,0.78686476,3213,0
347,0.68614644,0.041189097,1.0504355,3214,0
348,1.2282686,0.36853504,0.42738587,3214,1
349,0.49650842,-0.072823256,0.9267851,3214,2
350,0.60767055,-1.1423799,1.1367313,3214,4
351,0.19525944,0.7926565,1.0879877,3215,0
352,-0.1929092,2.2972639,1.0345019,3216,0
353,0.5358772,2.2216175,-0.41151902,3217,0
354,0.43972287,0.177169,1.5528048,3218,0
355,0.38245466,0.44040522,1.4933422,3218,1
356,0.25972548,0.22755668,1.8317795,3218,2
357,0.21620004,0.11020249,1.6288866,3218,4
358,-0.49554026,0.73597896,1.3432336,3219,0
359,1.4553248,0.9127717,2.027825,3220,0
360,0.98913836,0.30019313,1.6558526,3220,1
361,1.1086304,0.7476955,2.1400988,3220,2
362,0.89612293,0.73923963,1.9802363,3220,4
363,0.7860798,0.9021102,0.68648565,3221,0
364,-0.5021657,0.8566927,1.503053,3222,0
365,1.0073297,0.46328157,0.4511471,3223,0
366,0.53540933,0.3811701,0.15995714,3223,1
367,0.70912695,0.269063,0.48517773,3223,2
368,0.889773,0.34873152,0.34951586,3223,4
369,0.54057634,0.55380607,1.008941,3224,0
370,0.5779455,0.34503895,0.9836051,3224,1
371,0.72724056,0.61010593,1.0478787,3224,2
372,0.4555394,0.72352695,1.1631267,3224,4
373,0.09296,0.094576836,0.0032879785,3225,0
374,-0.09025196,0.21822438,-0.1994898,3225,1
375,-0.113670185,0.30245534,-0.27262232,3225,2
376,0.0031981766,0.22045663,-0.015487716,3225,4
377,-0.057615113,0.9038356,1.4070847,3226,0
378,0.12433572,1.2450217,1.543294,3226,1
379,0.005059153,0.87020093,1.6327368,3226,2
380,-0.20366633,0.9139738,1.7310139,3226,4
381,0.7715167,1.062446,0.1404734,3227,0
382,0.7771477,1.0307534,0.09614841,3227,1
383,0.93732274,1.0903748,0.055136606,3227,2
384,0.8793649,0.82694036,0.24248685,3227,4
385,0.6191314,0.77728593,0.8955722,3228,0
386,1.3161525,0.9879468,0.55720794,3228,1
387,1.1844287,1.0040978,0.68665975,3228,2
388,0.489754,0.2287849,0.4207335,3229,0
389,1.129725,0.4955243,0.7322806,3229,1
390,0.69656146,0.48179102,1.3384438,3229,2
391,0.7895773,0.08538675,0.91208404,3230,0
392,0.4755714,0.25401616,1.4047422,3230,1
393,0.42611068,-0.61235684,1.2282926,3230,2
394,-0.29471385,-0.112442985,1.3526376,3231,0
395,-0.3026268,-0.58268315,1.0333043,3231,1
396,-0.059125826,-0.40548095,1.1075642,3231,2
397,-0.38472974,0.13396636,1.1288304,3233,0
398,-0.17141649,0.67005575,0.8691513,3233,1
399,-0.23292999,0.7138039,0.6219745,3233,2
400,-0.30277714,-0.7767848,1.0043955,3233,4
401,1.0714817,1.1220493,1.6651171,3234,0
402,0.91518104,0.9241613,1.4728374,3234,1
403,0.9652743,-0.76174134,2.0098007,3234,2
404,1.0332638,0.9395979,1.7449934,3234,4
405,0.33819783,0.7366418,1.0074344,3237,0
406,0.9516259,0.8574148,0.42243665,3251,0
407,1.0456467,0.61840844,0.45109764,3251,1
408,0.49765894,-1.1978757,1.4498198,3251,2
409,-0.47504222,-0.32366347,1.8710767,3252,0
410,-0.021301188,-0.090661325,1.4140294,3252,1
411,-0.009620875,0.31237322,1.8955309,3252,2
412,-0.66711295,-0.101711914,2.1006503,3253,0
413,-0.8788426,-0.23934965,1.7486863,3253,1
414,-0.6840019,-0.013753414,0.6831414,3254,0
415,-0.17274755,-0.1487061,0.6407877,3254,1
416,-1.0141904,-0.28169605,0.8904173,3256,0
417,-1.9516293,0.21175154,1.5076098,3257,1
418,-0.36257392,-0.039290607,2.3231175,3260,0
419,-1.4325174,-0.2069218,1.7612354,3262,0
420,-0.15613118,0.9268051,0.48013568,3264,0
421,-0.9531497,0.066964954,1.6426817,3267,0
422,-0.597343,0.21387905,1.512328,3267,1
423,-0.55200475,-2.2302976,1.2050823,3268,0
424,-0.5435594,-1.256333,1.2000582,3268,1
425,-0.3002723,-0.08006859,1.4008645,3269,0
426,0.29176608,-0.74592876,1.9383602,3269,1
427,-0.777129,-0.32502824,1.4189663,3270,0
428,-0.872105,0.25931755,1.7763093,3271,0
429,-0.5770126,-1.4046105,1.2274121,3272,0
430,-0.70622045,-1.0630707,1.0141672,3272,1
431,0.06111009,-0.2577883,1.2654792,3274,0
432,-1.2285575,-0.07205526,1.7468954,3275,0
433,-0.8707243,-0.22711144,1.5565261,3275,1
434,-1.0095656,0.30872464,1.3146685,3276,0
435,-0.62957263,-0.18287984,0.7853039,3277,0
436,0.29595625,-0.24872062,1.844487,3278,0
437,0.08329335,-0.97310287,1.8638449,3278,1
438,0.6185757,0.30327588,0.097911485,3279,0
439,0.22666211,-0.082814746,0.7516121,3280,0
440,0.439923,0.01029335,-0.11194068,3281,0
441,-1.0231465,0.035377942,2.6367354,3282,0
442,1.5125705,0.51447135,0.5072421,3284,0
443,0.18966839,-0.23507361,0.6659164,3285,0
444,-0.73621714,-1.0266404,1.0649763,3288,0
445,-0.68418217,0.06628297,0.8670389,3290,0
446,0.17131093,1.6463078,-0.44752383,3300,0
447,0.91491055,2.273004,1.0733967,3301,0
448,-0.43619603,1.1845914,1.3250195,3304,0
449,0.786404,0.86688596,0.016909204,3305,0
450,0.37957087,-0.35562104,0.8248258,3305,1
451,0.3368404,0.8682356,1.1304286,3307,0
452,-0.08316819,1.0906063,1.0668274,3307,1
453,0.49027216,-0.3436198,0.90390074,3307,2
454,1.694289,-0.22605968,0.8187591,3307,4
455,-0.320692,-0.012226046,1.4552984,3308,0
456,-0.6936763,-0.29354462,1.5346645,3308,2
457,-0.32190913,-0.16871339,1.4502974,3308,4
458,-0.08394639,0.3402938,0.77736217,3309,0
459,0.14509849,0.033941068,1.3923042,3309,1
460,0.15262252,0.17569907,0.7301506,3309,2
461,-0.077523425,0.03153623,0.76814485,3309,4
462,-0.118984886,0.4529236,0.46680114,3310,0
463,-0.24130872,0.48098743,0.7682471,3311,0
464,0.035495035,0.8850455,-0.10180962,3312,1
465,-0.083252326,1.7490298,0.18168598,3312,2
466,-0.16602296,1.5861745,0.28450444,3312,4
467,1.4633864,1.0713943,0.21825206,3313,0
468,1.5354294,-0.6814881,0.30453697,3313,1
469,-0.89865035,-0.24275477,0.8273047,3318,0
470,-0.96876925,-0.27026367,0.83841646,3319,0
471,-1.2914695,-0.4729188,0.9215638,3319,2
472,1.4745485,0.8464488,-0.47653577,3321,0
473,0.47561958,-0.6484297,0.0845371,3321,2
474,0.18045463,-0.08566332,1.1643344,3322,0
475,0.4678544,-0.32731175,0.15286045,3323,0
476,0.35322282,-0.5229222,0.12333843,3323,1
477,2.0618176,-0.030826893,-0.6677765,3324,2
478,-0.11163138,-0.10283032,1.037271,3325,4
479,0.19688153,0.34575006,0.1889374,3326,0
480,-0.41925386,0.27469718,0.66306317,3327,0
481,-0.22111864,0.3732345,1.2697119,3327,2
482,0.23051901,-0.86310476,0.9093739,3327,4
483,-0.0058443397,-1.3107394,1.3881483,3328,0
484,0.09492207,-1.4443064,1.0578072,3328,1
485,0.7887554,-1.3395141,1.5920007,3328,2
486,1.1661383,0.692899,0.36370978,3330,0
487,0.7568579,0.63878256,-0.11572678,3333,0
488,0.24936444,0.9308421,0.6246,3351,0
489,0.14948356,0.4170511,0.6524408,3352,0
490,0.18762842,-0.25399494,0.60222834,3352,1
491,0.56976575,0.01100719,0.46555114,3352,2
492,0.41983956,-1.2337328,1.7546357,3352,4
493,0.8081855,1.5720403,0.012252793,3354,0
494,0.4658706,-1.1678041,1.6604855,3354,1
495,0.593947,1.3886518,0.5249765,3354,2
496,3.4559608,-0.13131256,1.2421364,3354,4
497,-0.3913883,0.59197366,0.2477698,3355,0
498,0.6409508,1.1151134,0.27690274,3356,0
499,0.47209358,0.89769495,0.45717677,3356,2
500,0.79370224,0.024973728,0.1905467,3359,0
501,1.2025356,0.08493896,0.120575026,3359,1
502,1.1642374,0.16412336,0.06526892,3359,2
503,1.2992007,-1.2762195,0.59307903,3359,4
504,0.1846664,0.37009123,-0.0958858,3360,2
505,0.47762096,-0.9398959,0.5780299,3360,4
506,0.04952851,0.60057825,0.94810724,3361,0
507,-0.2381392,0.6463283,0.26970196,3362,0
508,-0.91420263,0.24331382,1.5610682,3363,0
509,-0.044638716,0.6826944,1.329978,3364,2
510,0.5405761,-1.0787966,1.3599569,3364,4
511,0.09681434,0.18312976,0.41638905,3365,0
512,0.48514524,0.12346484,0.61376464,3365,1
513,-0.15470481,0.067727074,0.74056816,3365,2
514,0.240361,-0.12861556,0.56429094,3365,4
515,1.6629971,1.3420163,-0.07086122,3366,1
516,1.6969725,1.3257673,-0.084159195,3366,2
517,0.8818156,-1.0981709,0.6515297,3366,4
518,1.4941964,1.159339,0.8442038,3367,0
519,0.89528173,-0.75066936,1.5375717,3367,1
520,1.1687864,0.865812,1.0143771,3367,2
521,1.0511695,-1.1151928,1.546911,3367,4
522,0.09466162,1.0340409,0.65196,3368,0
523,-0.6106336,0.7373973,0.756539,3370,0
524,-0.1315254,-0.002677083,1.2642643,3371,0
525,-0.10912061,-0.31566018,1.0916232,3371,1
526,0.30153537,-0.5656575,0.93250024,3371,2
527,-0.2512061,0.46992347,1.0824943,3373,0
528,-0.9365538,-0.037910856,1.5474843,3373,1
529,-0.59507823,-0.60132414,1.4173412,3373,2
530,-0.8859543,0.113963455,1.8148562,3373,4
531,-0.1052258,-0.0868108,0.98286957,3374,0
532,-0.46426928,-0.14824113,0.77130806,3374,1
533,-0.059685595,-0.25153935,1.4192564,3374,2
534,-0.5411452,0.08678196,1.0910529,3374,4
535,-0.6681168,0.634116,2.2912378,3377,0
536,-0.89579,0.65758705,2.0113127,3377,1
537,-0.27180082,0.7562799,1.9400761,3377,2
538,-0.63800246,0.80416286,2.1492763,3377,4
539,0.7940514,0.5001862,1.5534415,3380,1
540,0.95972276,1.0277131,1.2280005,3380,2
541,1.1071609,-0.740133,1.0748236,3380,4
542,4.3679852,1.463356,-0.57979184,3384,2
543,0.5157547,-0.97841394,1.0135179,3385,2
544,0.6968881,-0.32418752,0.9022322,3385,4
545,0.44632643,0.0056868047,2.4513571,3386,0
546,1.0167122,0.4007846,2.0750947,3386,1
547,0.92485434,-0.35289326,2.8987644,3386,2
548,0.52245766,0.037303403,2.478213,3386,4
549,0.40976,0.5477805,1.6893934,3387,1
550,0.6466455,0.24621356,1.4992797,3387,2
551,-0.22472848,-1.075338,0.6695093,3387,4
552,0.4962263,0.6030582,-0.07697685,3389,0
553,-0.3421336,1.5529299,0.27580556,3392,0
554,0.4480977,3.248334,-1.3077434,3392,1
555,-0.9306288,0.85582715,0.3418487,3392,2
556,-0.18709016,0.8669826,0.23704714,3402,2
557,0.94219303,0.3595203,0.99365354,3403,0
558,1.1591499,0.1365104,0.7924123,3403,2
559,1.107141,0.54033375,1.1394336,3403,4
560,0.8682644,2.378237,0.7341694,3404,0
561,0.72968185,1.5627452,1.0324267,3406,1
562,1.4121188,1.0050656,0.43367735,3407,1
563,0.29987133,1.2699387,0.07502553,3408,2
564,1.6937966,0.58945054,1.3821062,3409,1
565,0.9848708,1.7114756,1.3788815,3409,2
566,-0.1908199,2.2527213,0.58484656,3414,0
567,1.6882823,0.66139036,1.4771092,3415,0
568,1.6503308,0.6589856,0.53307724,3415,1
569,1.6238126,0.7628645,0.88129526,3415,2
570,2.0623362,0.693817,1.5488944,3415,4
571,-0.17513338,0.91719574,0.8662935,3417,0
572,0.25102964,0.6727363,0.8349883,3417,1
573,0.2967626,0.53408456,0.90206414,3417,2
574,0.12042384,0.501019,0.9983673,3417,4
575,2.2525446,-0.47699547,0.544057,3418,4
576,-2.2278378,0.31663576,-0.39511356,3419,0
577,0.7598607,-0.2659319,1.6440611,3419,1
578,-1.6223317,0.4383069,0.13156149,3419,2
579,0.03285183,-1.0746117,0.20853154,3419,4
580,0.87196636,0.26771152,-0.92235535,3420,0
581,0.88174534,0.52660584,-0.5518569,3420,2
582,1.1055561,0.70709586,-0.7192593,3420,4
583,-1.6891475,0.96335757,0.7667698,3421,0
584,0.29162627,0.5585545,1.7482765,3421,1
585,-1.5628027,1.1432194,0.70931035,3421,2
586,-1.8446914,1.1627711,0.78000826,3421,4
587,0.38325214,0.41809937,-1.1128547,3422,0
588,1.4556462,1.8056308,0.046668738,3422,1
589,0.23833916,0.5454676,-1.0397216,3422,2
590,1.7760085,0.56888086,-0.89138347,3422,4
591,0.76093614,1.3507568,0.7319087,3423,0
592,0.25755763,1.1864216,0.6893745,3423,1
593,0.3165586,1.304527,1.087469,3423,2
594,0.9471315,-0.3143148,1.560519,3423,4
595,-0.40718973,0.98376906,0.68609864,3424,0
596,1.1529781,1.4462178,0.14706571,3425,0
597,0.694969,1.9405347,0.95975184,3428,0
598,0.29266298,1.2546813,0.8914052,3429,0
599,0.03695956,1.068384,0.86533207,3429,1
600,0.29243693,1.6976207,1.1944836,3429,2
601,0.32735056,-0.5604744,1.0066304,3429,4
602,-0.8210696,1.021023,-0.26587427,3430,1
603,-0.9981545,-0.0528016,0.035264976,3430,4
604,0.28981256,1.4738705,1.5923533,3431,0
605,-0.22878031,1.9215679,0.38988394,3431,1
606,-0.029918,2.1383982,0.5238714,3431,2
607,0.9925409,0.86288625,0.19737762,3432,0
608,1.4063944,0.73870385,0.30823928,3432,1
609,1.6468135,-0.32616016,0.5209544,3432,2
610,-0.06921312,0.6365392,0.9033921,3433,0
611,-0.27153003,1.1400896,0.87599254,3433,1
612,-0.097711444,1.0485348,0.22916305,3433,2
613,0.46868008,-0.8341039,0.7186046,3433,4
614,-0.625013,0.40658295,-0.6248379,3434,0
615,-0.78497213,0.7184255,-1.1583501,3434,1
616,-0.48957804,0.66905403,-0.68948907,3434,2
617,1.8374318,1.8720013,0.27680495,3435,0
618,1.767103,1.6001933,0.6636989,3435,1
619,1.2559814,1.3466601,0.5618798,3435,2
620,-0.14863065,0.95852065,-0.50610745,3436,0
621,-0.18517461,0.7949634,-0.59374315,3436,1
622,-0.8902614,0.06547117,0.010329224,3436,2
623,0.44446915,0.321025,-0.5674613,3439,0
624,0.35085237,0.2852759,-0.492091,3439,1
625,0.37531203,0.26528612,-0.49815688,3439,2
626,0.6919491,0.40186942,-0.40810984,3439,4
627,0.15188305,-0.9751527,0.6250654,3440,1
628,1.0968139,0.093523905,-0.17186682,3441,0
629,0.9700934,0.05491507,-0.11683613,3441,2
630,0.15979548,0.81922567,0.13854557,3442,0
631,-0.2472482,0.0064263986,0.47168225,3442,1
632,-0.052473336,0.7676618,0.36358967,3442,2
633,0.2530812,0.86227316,0.54482144,3442,4
634,1.6463197,0.21386126,0.5892641,3443,0
635,1.8686987,0.3850964,0.5657385,3443,2
636,1.8878964,-0.07941,0.4163911,3443,4
637,1.5043347,-0.9742928,0.70499367,3444,4
638,0.87058794,0.24516046,-0.15605424,3445,0
639,0.38569024,0.46672294,0.09859192,3445,1
640,0.63869244,0.6969274,0.16285565,3445,2
641,0.67018807,0.4985282,0.10228485,3445,4
642,0.35370284,0.26904723,0.728329,3446,0
643,0.45857477,0.33198902,0.52569675,3446,1
644,0.93299073,-0.59516686,0.9169307,3446,2
645,0.90898764,0.6202366,0.29528636,3448,2
646,0.5614445,-1.0836204,1.2988328,3448,4
647,0.5066364,0.9371642,0.053093396,3450,0
648,-0.22857673,-1.4282057,0.47004217,3451,0
649,-0.36705166,-1.547358,0.32080615,3451,2
650,-0.20963301,-1.6574814,0.53126884,3451,4
651,-0.8099124,0.7173333,0.86074734,3453,0
652,-0.4223587,1.487956,1.9765105,3454,0
653,-0.40981138,0.64659625,2.4439478,3454,1
654,-0.26681218,1.2525771,1.6204052,3454,2
655,-0.015710741,1.0448623,2.2396882,3454,4
656,0.08257879,-0.8060443,2.0785434,3455,1
657,-0.17728542,-1.1050683,1.260603,3455,4
658,-0.96474755,0.5725788,2.013665,3456,1
659,-0.6298259,0.42681447,2.0623593,3456,2
660,-1.0377277,0.29843444,1.0099741,3458,0
661,-0.27467552,-1.5925997,1.6289588,3459,4
662,0.16842471,-0.57351375,1.7725512,3461,1
663,0.097771406,-0.40839615,1.6140558,3461,2
664,0.6634792,-0.8257418,1.5451995,3461,4
665,-0.64658874,-0.949919,0.8613196,3462,0
666,-0.19021788,-1.7292693,1.5047817,3462,4
667,-1.7903421,0.7402599,2.1502879,3464,0
668,-0.5968033,-0.5643234,1.0916384,3465,0
669,-0.53534454,-0.534263,1.1101179,3465,2
670,-0.331799,-0.54677975,1.4365264,3465,4
671,-0.4012231,-0.27065375,1.640766,3467,0
672,-0.35253185,0.21707818,1.4236083,3467,2
673,-0.18375382,0.5625015,1.5582356,3467,4
674,-1.0318606,-0.30196762,0.93766534,3468,0
675,-1.1042157,-0.25425988,1.5922104,3469,0
676,-0.66085565,-0.38236013,1.9675587,3469,1
677,-0.6529473,-0.35045403,1.6000658,3469,2
678,0.16173118,0.3222119,1.1224966,3470,0
679,-0.2040615,0.24082476,0.8774562,3470,1
680,-0.21940589,0.12125535,0.88267255,3470,2
681,0.524952,0.21865888,1.1078457,3470,4
682,-1.3321867,0.37571746,1.3095586,3472,0
683,-1.1369708,0.40404665,1.5642463,3472,2
684,0.375576,-0.33904016,2.4569666,3475,1
685,-0.0029874444,-1.1967231,2.5541995,3475,2
686,-1.5978651,0.58337075,0.63785064,3476,0
687,-0.47029257,-0.76778674,0.45288137,3476,1
688,0.027858937,-1.2355471,0.55786085,3476,2
689,0.57383347,-0.008636491,1.4196959,3478,0
690,0.28413832,2.0352933,0.4501236,3479,0
691,-0.87206596,-0.10635965,0.5358856,3480,0
692,0.8429043,1.4848331,-0.1588992,3481,0
693,-0.29871857,-1.0432104,1.1745398,3482,0
694,-0.2335839,-0.8304094,0.86964273,3482,1
695,-0.23447847,-1.3739128,1.3603435,3482,2
696,-0.0096374005,-1.0111767,0.56318897,3482,4
697,0.02006255,0.20700948,1.1458733,3500,0
698,0.14397024,-0.79806197,1.0927958,3500,1
699,0.13944618,-0.8832401,1.2489295,3500,2
700,0.34958172,0.12267943,1.1681186,3500,3
701,-0.48456833,-0.23136464,0.82495415,3501,0
702,0.09161529,-0.22699529,0.50744534,3501,5
703,-0.12214403,-0.45359632,0.6228861,3502,0
704,-0.03378156,-1.1119035,1.9193479,3502,1
705,-0.04892412,-0.48185292,1.4672034,3502,2
706,0.2924255,-0.5547664,1.6249721,3502,3
707,0.4321101,-0.5305707,1.8202717,3502,5
708,-0.99416554,0.01053454,0.8771419,3503,0
709,0.51746094,1.2178195,1.0921724,3504,0
710,0.044127353,-1.1762317,1.8837246,3504,1
711,0.8480621,-0.9636064,1.0766792,3504,2
712,1.1873748,0.48318827,0.99747777,3504,4
713,0.229167,0.68574816,1.1855245,3505,0
714,0.57403797,1.1001405,1.2335194,3505,1
715,0.42876253,0.75489247,1.5938249,3505,2
716,0.21492177,0.9797326,1.1950097,3505,3
717,-0.47379017,-0.47353548,1.4045846,3506,0
718,0.44615486,-1.1073775,1.0357656,3506,1
719,-0.7181526,-0.33804768,1.4721333,3506,2
720,-0.63437134,0.2609733,1.1070333,3507,0
721,-0.51844585,-1.1370784,1.8452469,3507,1
722,0.24206239,-0.4707999,1.3624599,3507,2
723,-1.2276305,-0.41577566,1.5614543,3510,0
724,-1.9314933,-0.010001816,1.9085779,3512,0
725,-1.6260605,0.18916184,1.7568877,3512,1
726,-2.2088842,-0.2662306,1.9548638,3512,2
727,1.6217731,0.46502203,0.41108784,3514,0
728,0.4689658,0.22483452,0.66167086,3514,1
729,-1.4321852,-0.38360283,1.1203207,3515,0
730,-0.79399866,0.3838926,1.6517173,3516,0
731,-0.88120484,-0.044808757,1.6175251,3516,1
732,-0.821117,-0.110794306,1.332265,3516,2
733,0.6880736,-0.921752,2.3784163,3516,4
734,-1.2080053,-0.0064004585,1.3593342,3517,0
735,-0.8134039,-0.13372362,1.0328002,3518,0
736,1.383765,0.33200067,0.88515234,3520,0
737,1.8599715,0.42837638,0.5987652,3520,2
738,-1.2933388,-0.20820723,1.047004,3521,0
739,-0.26601872,-0.27263603,0.5264005,3522,0
740,0.035589546,-0.70901084,0.9910246,3522,1
741,0.2270788,-0.47119695,1.0904415,3522,2
742,-0.05093716,-0.45726404,1.2635487,3522,4
743,-1.4230379,-0.032628596,1.312904,3523,0
744,-1.8158026,-0.17181848,2.2188003,3525,0
745,-1.8178846,-0.31635147,2.2569025,3526,0
746,-1.9238206,-0.3498386,1.7253451,3527,0
747,-1.1375469,-0.496015,2.590766,3528,0
748,-1.0380731,-0.18014593,2.628349,3528,1
749,-1.0490383,0.0018481314,2.5221202,3528,2
750,-1.0067917,-0.1836222,2.9094963,3528,4
751,-1.5071466,-0.22347303,1.9016149,3529,0
752,-0.80275536,-0.11711036,2.8005188,3529,2
753,-1.4502997,-0.19754598,1.9132959,3530,0
754,-1.5594891,-0.0763044,1.7068288,3530,1
755,-0.9990983,-0.4199177,1.8168548,3530,4
756,-0.6101397,-0.32728916,0.9048289,3532,0
757,-0.34225208,0.023414107,0.80033654,3532,1
758,-0.28854313,-0.12889405,0.9862286,3532,2
759,-0.2739259,-0.14054872,1.0113482,3532,4
760,-1.1498654,-0.596313,1.1330625,3536,0
761,-2.9710588,0.14035925,2.0212636,3537,0
762,-3.1083324,-0.10257307,1.7233727,3537,2
763,-1.3109045,-0.13783604,1.6557659,3538,0
764,-1.6532358,-0.05802315,1.7038722,3538,2
765,-0.4054088,0.1218698,0.511294,3539,0
766,-0.49064142,0.20256442,0.5591288,3539,2
767,0.48394173,-2.8319073,1.4321996,3540,0
768,0.21829125,-2.8925743,1.2706913,3540,1
769,0.08916102,-2.605716,1.4433792,3540,2
770,-0.008534491,-2.4371102,1.7279282,3540,4
771,-1.6857023,-0.20210037,2.1618404,3541,0
772,-0.51032054,-0.31670234,2.6146088,3542,0
773,-0.79680073,0.043595128,2.9681418,3542,1
774,-0.9111041,-0.07091112,3.4548373,3542,2
775,-0.16697413,-0.1993202,2.5682888,3542,4
776,-0.75070286,-0.14995253,0.79881585,3543,0
777,-0.027049903,0.8305988,0.63641363,3544,0
778,-0.38597488,0.11049235,0.535139,3544,4
779,1.1878784,1.8263211,-0.108139664,3550,0
780,1.2257844,1.854753,0.07321622,3550,2
781,0.7013111,1.7659984,0.0039874054,3551,0
782,1.0468028,1.4431744,-0.5198495,3552,0
783,0.92436516,1.4067087,-0.3846188,3552,1
784,0.9853444,0.63337797,-0.15988678,3552,2
785,0.74675846,1.4143705,-0.09315258,3552,4
786,0.030507542,3.5058556,0.67963177,3554,0
787,2.449296,-0.69826114,0.4214494,3554,1
788,0.67536265,2.0795074,0.37274426,3555,0
789,0.70417947,1.5547608,-0.064672776,3556,0
790,-0.32528898,0.08083564,0.48019823,3556,1
791,0.7979092,1.3746815,-0.09744616,3556,2
792,0.9341137,1.5017878,-0.23339915,3556,4
793,1.1943747,0.7333598,-0.26413125,3557,0
794,2.22616,0.1122476,1.1342919,3557,1
795,0.8042359,-0.5165643,-0.007036496,3557,2
796,1.0657533,0.7982532,-0.3673751,3557,4
797,1.7185625,2.3685544,1.6252774,3558,0
798,0.84284353,0.26450616,1.4116048,3558,1
799,1.7715627,-0.5073803,1.1927286,3558,2
800,0.26243934,3.3678503,0.3336343,3559,0
801,2.6489809,-0.7684079,0.57507527,3559,1
802,1.2079421,2.1192975,1.0147371,3559,2
803,2.8728316,-0.6907846,0.89538026,3559,4
804,0.2701258,0.35505086,0.36997873,3563,0
805,0.34564087,0.2782485,0.4690469,3564,0
806,0.6734761,0.118790455,0.48184198,3564,2
807,0.68773913,0.2600659,0.74368024,3564,4
808,0.116203524,0.37354803,0.42128125,3565,0
809,-0.0063651204,1.4713638,0.2063024,3566,0
810,0.7593522,1.4051119,0.2784231,3566,2
811,0.627269,1.6068151,0.92132354,3567,0
812,0.10643709,1.1389213,1.1693628,3567,2
813,0.38618147,1.8969573,1.1003431,3567,4
814,1.1501966,1.7258519,0.51882994,3569,0
815,0.37188485,0.26704842,0.38771293,3570,0
816,0.55110604,0.9062382,-0.53463,3571,0
817,0.6774719,1.6881033,0.62822694,3572,0
818,0.18174341,0.61487854,0.23310442,3573,0
819,0.54283464,0.52765554,0.74861395,3573,2
820,1.3714333,1.2395576,1.3225037,3574,0
821,1.0386647,1.1599741,1.6437793,3574,1
822,1.207945,1.5425661,1.5498323,3574,2
823,0.73099446,0.32365516,0.65504915,3575,0
824,0.76544595,0.906749,0.41097045,3575,1
825,0.31560665,0.9575516,0.5796658,3575,2
826,0.78491974,0.72842544,0.46951583,3577,0
827,0.58834714,0.90369874,0.306915,3577,1
828,0.35528773,0.7204216,0.36108625,3577,2
829,1.2031707,1.1333272,-0.07915898,3580,0
830,1.2037411,1.060269,0.0041328445,3580,2
831,0.89642155,1.9647375,0.2814067,3581,0
832,1.8908044,-1.1919129,0.17372513,3581,2
833,-0.09032622,0.2340123,0.3879526,3582,0
834,-0.07713684,0.5102389,0.81297696,3582,2
835,0.9198657,1.0149057,0.83703196,3584,0
836,1.7288003,-1.1130285,0.9129255,3584,1
837,0.42830762,1.6359528,0.7666887,3585,0
838,1.6148819,0.016483035,0.92062616,3585,1
839,0.44094026,1.6514034,0.64924455,3585,2
840,0.52290463,1.5885637,0.5611378,3585,4
841,1.4622346,0.26119092,0.5317855,3586,0
842,1.2474898,-0.59093213,0.4855861,3586,1
843,1.1865528,0.37746203,0.5696718,3586,2
844,1.2685708,0.6701773,0.48201507,3587,0
845,-0.2592104,0.17761493,0.557226,3587,1
846,0.6078087,0.58215225,0.61017585,3587,2
847,0.8040308,0.2151232,0.3833676,3587,4
848,0.73259795,1.300864,0.59931946,3588,0
849,1.4991106,0.2640557,0.9071723,3588,1
850,1.7594131,0.1433126,0.9938546,3588,2
851,0.6243157,1.6385041,0.42683852,3588,4
852,0.8952922,-0.16648944,0.6128769,3589,0
853,0.8700815,0.111261025,0.8246722,3589,1
854,0.8172441,-0.37618825,1.3852825,3589,2
855,0.26092905,-0.21911258,-1.137022,3591,0
856,0.021807112,-0.1922907,-0.9286373,3591,1
857,0.030929074,-0.028255664,-0.68923527,3591,2
858,0.2514028,0.18037933,-1.0614828,3591,4
859,-0.04450672,0.27381194,-0.22826117,3592,0
860,0.09359941,0.05167888,-0.095364496,3592,1
861,0.10243897,-0.17091519,-0.48442927,3592,2
862,0.075403504,0.036079697,-0.47012347,3592,4
863,-0.43094775,0.9012901,-0.65890944,3593,0
864,-0.63324314,-0.21440442,-0.6770009,3593,1
865,-0.6218011,0.9589071,-0.874475,3593,2
866,-0.18412054,-1.115393,-0.37101105,3593,4
867,0.7059905,1.108281,0.17737852,3600,0
868,-0.12826152,1.7485957,0.72245514,3601,0
869,-0.40701157,1.5918956,0.4821901,3601,1
870,-0.42117763,2.2065086,0.8228612,3601,2
871,-0.66025865,-0.41952008,0.96173346,3603,0
872,-0.29556972,-0.5797472,1.173618,3603,1
873,-0.5493698,-0.5407599,1.0199529,3603,2
874,-0.5357318,-0.6168177,1.1994764,3603,3
875,-0.4860222,-0.61475486,1.4477539,3603,4
876,-0.12919262,-0.119163096,0.73682904,3604,0
877,0.05115152,0.4799803,0.6414907,3604,1
878,-0.32263732,-0.13556476,0.7979094,3604,2
879,0.6411133,-0.43974328,0.86263573,3604,4
880,0.8920495,0.2890061,0.22209212,3605,0
881,0.6400778,0.32425785,0.45189893,3605,1
882,0.62446356,0.3887978,0.02327177,3605,2
883,0.7965078,-0.3187243,0.7606631,3605,5
884,-0.556749,0.73962414,0.8372806,3606,0
885,-0.49754706,0.4705195,0.7750746,3606,1
886,-0.9827126,0.6455892,0.5924621,3606,2
887,-0.5684916,0.17248449,-0.008666992,3607,0
888,-0.6092489,0.44477737,-0.0047824495,3607,1
889,-0.48529267,0.23524144,0.033689074,3607,2
890,-0.21236199,0.13905771,0.0030320883,3607,4
891,-0.3019336,0.16787389,0.15819328,3608,0
892,-0.4685052,0.2522732,0.25113785,3608,1
893,-0.38742763,0.084423095,0.33831018,3608,2
894,1.372246,-0.101427786,0.43444586,3609,0
895,1.520756,0.11185594,0.65746045,3609,1
896,1.421227,-0.14708218,0.5283213,3609,2
897,0.8058418,1.5595824,0.44054422,3611,0
898,0.00072521716,0.07699585,0.7511402,3612,0
899,-0.21643528,-0.13789321,1.3132854,3612,1
900,0.13939276,0.28127623,1.3512896,3612,2
901,0.26033747,0.10605833,0.6376749,3612,4
902,-0.39081642,0.7738775,0.9895934,3613,0
903,0.8748621,1.3816869,-0.13039231,3614,0
904,-0.3655256,0.39052254,0.44587535,3615,0
905,0.24828231,-0.13319731,0.33940956,3616,0
906,0.726969,-0.15240633,0.64855194,3616,1
907,0.9653439,-1.0341325,0.38593304,3616,4
908,0.02975279,0.2865137,0.8348738,3617,0
909,0.32702178,0.36038148,0.5175566,3617,1
910,0.30662462,0.085928105,1.0994437,3617,2
911,-0.9594165,-0.06450635,0.9830949,3619,0
912,-0.026771702,1.6097996,0.3799097,3620,0
913,0.7843228,0.9275356,0.36441413,3621,0
914,0.9461488,1.0335071,0.15199351,3621,1
915,0.8681232,1.0110426,0.2809508,3621,2
916,0.46745694,0.6371274,0.29401386,3622,0
917,0.75069267,0.63858914,0.41856343,3622,1
918,0.42103824,0.7042146,0.50163436,3622,2
919,0.42823917,-0.18329972,0.7036667,3622,4
920,-0.2240355,0.0994675,0.469493,3624,0
921,1.4284513,0.37642148,1.007655,3625,0
922,1.5044907,0.68359405,0.95386714,3625,1
923,1.3298137,0.46408975,0.70626456,3625,2
924,-0.013708584,0.78390247,0.12267201,3627,0
925,0.799967,-0.014347926,0.09257446,3628,0
926,-0.050342575,0.35052702,0.7367839,3629,0
927,-0.24347518,0.29388362,0.31821513,3629,1
928,1.7454894,0.12767386,1.002691,3629,2
929,-0.1448243,0.6917156,1.0313312,3630,0
930,0.22353384,0.5036988,1.176203,3630,2
931,-0.27780548,0.8551096,0.94429666,3631,0
932,0.3528564,-0.06917596,1.1498369,3631,1
933,0.48673227,-0.79700685,1.5419297,3631,2
934,1.2194376,0.83295023,0.50793195,3632,0
935,-0.1018398,0.7328463,0.7423352,3633,0
936,-0.51903474,0.33892795,0.8379548,3634,0
937,-0.28194493,0.26916105,1.0763628,3634,1
938,-0.06538239,0.26243052,0.9977846,3634,2
939,-0.53005916,-1.3768449,0.6353404,3635,0
940,-0.5620019,0.40614313,0.37819755,3636,0
941,0.063526556,0.70200425,-0.4171394,3637,0
942,0.49518225,0.29783428,-0.318092,3638,0
943,0.5673868,0.42715132,-0.3454858,3638,2
944,0.20367694,-0.4323507,0.071598455,3638,4
945,-0.5613556,0.4466422,1.3358309,3650,0
946,-0.013513982,0.5073367,1.6859854,3650,1
947,-0.43797457,-0.2947334,2.1643405,3650,2
948,0.3590176,-1.3430896,1.7802731,3650,4
949,0.58980614,2.0597289,-0.15737623,3651,0
950,0.0067443475,0.9601439,0.6046233,3651,1
951,2.2733154,1.0039659,0.5280994,3653,0
952,1.965359,0.49106175,0.84542596,3653,1
953,1.2632914,-0.6677436,1.145644,3653,2
954,1.956557,0.8143455,0.69048965,3653,4
955,-0.11138959,1.6312438,0.15704523,3654,0
956,-0.34300762,1.1116927,0.38345066,3654,1
957,-0.32671928,1.8310349,0.1987553,3654,2
958,-0.6870984,1.6612047,0.286114,3654,4
959,-0.46718746,0.93943983,0.59613526,3655,0
960,-0.105890244,-0.19449146,0.69701654,3655,1
961,0.13457887,1.1134955,0.020696677,3656,0
962,-0.55237406,0.09597321,0.47350112,3657,0
963,0.12978083,-0.8638471,0.7493117,3657,1
964,-0.2489371,0.9964166,0.83366466,3658,0
965,0.07035901,-0.35190386,-0.03733398,3659,0
966,0.15287292,-0.29035342,0.10061071,3659,1
967,-0.1011801,-0.27334154,0.2944706,3659,2
968,-0.13012987,0.46582586,0.8566991,3660,0
969,0.18670256,0.53682154,0.8911325,3660,1
970,-0.08986041,0.09215391,0.60335815,3660,2
971,0.27464187,0.5360361,0.7751304,3660,4
972,-1.6584085,-0.38938963,0.20275149,3661,0
973,-1.7164297,-0.15168715,0.23519562,3661,1
974,-1.6252364,0.23631173,0.4309305,3661,2
975,-0.53108525,-0.8948987,0.3065556,3661,4
976,0.19034772,0.55002016,0.7295164,3662,0
977,0.56585133,1.4784496,1.4129634,3664,0
978,1.2642741,0.7857858,1.4387412,3664,1
979,0.82812864,0.7213375,1.6410415,3664,2
980,0.6659088,1.3517296,1.2470391,3664,4
981,0.34280768,-0.09074521,0.029270187,3665,0
982,0.39401597,-0.058421902,-0.22276562,3665,1
983,0.3365508,0.07993221,-0.22933353,3665,2
984,0.41448843,-0.05405339,-0.034012243,3665,4
985,-1.0704165,0.81718796,0.20764652,3666,0
986,-0.666422,0.8452811,-0.1031037,3666,1
987,-0.6796111,0.108943634,0.1416912,3666,2
988,-0.6355866,0.9130007,-0.03631728,3666,4
989,0.09471819,0.76312953,-0.20216721,3668,0
990,-1.5696834,0.45359275,0.9879848,3700,0
991,-1.4062532,0.751105,1.0655968,3700,1
992,-1.5512028,0.6196158,1.0071905,3700,2
993,-0.4679646,-1.374701,0.8359837,3701,0
994,-0.38184312,-1.2166599,1.0414633,3701,1
995,-0.5110749,-1.2008545,1.0375433,3701,2
996,0.20334892,0.26448202,0.7318802,3702,0
997,0.042628422,0.37483,1.343447,3702,1
998,0.21995664,0.29028797,0.8733584,3702,2
999,0.25666568,0.23884346,-0.602437,3704,0
1000,0.3730887,0.41143402,-0.44347665,3704,1
1001,0.26339245,0.44678137,-0.4523116,3704,2
1002,0.591268,-0.007422328,-0.59590065,3705,0
1003,0.66351545,-0.027630338,-0.506195,3705,1
1004,0.7149096,-0.024272371,-0.57071126,3705,2
1005,0.59632874,0.12051289,-0.6153906,3705,4
1006,0.020486668,0.17776299,0.9046004,3707,0
1007,0.029677331,0.063379705,0.8186048,3707,1
1008,-0.91119623,-0.32977477,0.65572935,3708,0
1009,-0.09781609,-0.51376885,1.5006539,3708,1
1010,-0.780564,-0.5014403,0.53210646,3708,2
1011,-0.57274497,-0.29578125,0.8032429,3708,4
1012,-0.23263659,-0.74695134,0.074571915,3709,0
1013,-0.3440706,-0.65311587,0.026830524,3709,2
1014,0.4744072,-0.6069806,0.41228577,3709,4
1015,-0.6311586,1.3067467,-0.10449219,3710,0
1016,-0.7555683,1.4524753,-0.1998218,3710,1
1017,-0.614888,1.2726187,-0.1267305,3710,2
1018,-0.73333687,1.2111692,-0.061720595,3710,4
1019,-0.21069574,-0.9886663,0.76715344,3711,0
1020,-1.1004615,-0.79698056,0.10330507,3711,1
1021,-0.14878765,-1.0124515,0.6120425,3711,2
1022,-0.96744263,0.338182,0.6681597,3750,0
1023,0.56078786,1.2792695,-0.0048338287,3751,0
1024,-0.36051548,-0.077693835,0.41499573,3751,2
1025,-0.10199231,0.38354218,0.71940136,3752,0
1026,0.5049349,0.92858535,0.40233505,3752,1
1027,0.08551474,0.8122559,0.63390535,3752,2
1028,0.5978347,-0.7431295,0.82309735,3752,4
1029,-0.038038936,0.27371186,-0.23231916,3753,0
1030,-0.10346675,0.251088,-0.20466462,3753,1
1031,0.12333537,0.6457483,0.8270949,3754,1
1032,0.2524681,1.1357064,0.3625685,3755,0
1033,0.4900121,-0.72701365,1.230069,3755,2
1034,0.76724946,0.79056054,0.16213593,3756,1
1035,0.5832204,0.8967152,0.89379257,3757,0
1036,0.8587393,0.6574362,0.8256563,3757,1
1037,0.6108526,0.88499737,0.82055616,3757,2
1038,1.8947932,-1.2832549,0.78194255,3757,4
1039,0.630652,0.57241845,1.1335485,3758,0
1040,1.1489153,-0.48806983,2.0495617,3758,1
1041,0.9026836,0.352928,1.1881367,3758,2
1042,0.5595824,-1.37047,1.8591691,3758,4
1043,-0.047439575,0.9194849,0.779195,3759,1
1044,1.0001068,0.30743802,0.5192733,3760,0
1045,0.9055378,-0.27086267,0.233385,3760,1
1046,1.0597162,-0.82454336,1.4109948,3760,2
1047,0.8558931,-0.8043525,1.2727294,3760,4
1048,0.3349978,0.4018373,2.4569995,3762,0
1049,-0.1518492,0.66479456,2.662302,3762,1
1050,-0.0028471202,0.5336767,2.4781172,3762,2
1051,0.05611905,-0.108205736,2.987089,3762,4
1052,0.43799323,0.16450621,1.6228998,3763,0
1053,0.2799842,0.5969426,1.2060618,3763,1
1054,0.2273129,0.43354058,1.2615019,3763,2
1055,0.39373434,0.4237946,1.6463432,3763,4
1056,-0.5025869,2.228939,1.2389468,3765,1
1057,-0.065784544,0.2031099,2.2782524,3766,0
1058,-0.011523038,0.28076068,2.1084492,3766,1
1059,0.06619717,0.51425105,1.8303944,3766,2
1060,-0.46405137,0.8551595,0.8855753,3767,1
1061,0.16747975,0.34374934,1.2656486,3768,1
1062,-0.09377062,1.6387053,0.76374024,3769,1
1063,0.12916173,0.7476482,1.7479202,3770,0
1064,0.5394131,-1.3272065,2.1782854,3770,1
1065,0.4383664,-0.863677,2.6481295,3770,2
1066,-0.33104974,-2.3836007,3.9796724,3770,4
1067,0.25508898,-0.12804668,2.074223,3771,0
1068,0.2641897,-0.22182956,2.1129262,3771,1
1069,0.50651884,-0.24947158,2.3156374,3771,2
1070,0.2612828,0.23797838,2.3382938,3771,4
1071,-0.3514117,0.37269723,1.1864165,3773,0
1072,-0.06903908,-0.2691934,1.090356,3773,1
1073,-0.56322575,0.15698996,1.3730943,3773,2
1074,0.1130548,0.39122698,1.1834453,3773,4
1075,0.48947078,0.035354257,-0.21260372,3775,0
1076,0.7667173,-0.02449568,-0.19412526,3775,1
1077,-0.22640818,-1.1075906,1.12128,3776,0
1078,-0.28094557,-0.9736748,1.2532833,3776,1
1079,-0.344844,-1.1601427,0.6780195,3776,2
1080,-0.34771308,-1.6831129,0.9325625,3776,4
1081,0.6566955,0.60261285,1.0939895,3777,0
1082,0.12010166,0.19405495,0.8110934,3777,1
1083,0.5693492,0.5130378,1.0108345,3777,2
1084,0.856012,-0.41375664,1.672752,3777,4
1085,-0.0622719,0.16129051,1.3996933,3778,0
1086,-0.17670062,-0.12356174,1.3769146,3778,1
1087,-0.044545427,-0.013794318,1.5228188,3778,2
1088,-0.29845136,-0.38902426,1.4043624,3778,4
1089,-1.0984211,0.45531985,0.49830836,3779,2
1090,-0.04056398,-0.28880727,0.9806552,3780,0
1091,0.24471948,-0.4733395,1.3149731,3780,1
1092,-0.2910649,-0.62301224,0.92940176,3780,2
1093,0.12740181,0.04480332,0.6789601,3781,0
1094,0.07321665,0.30392286,0.5733036,3781,1
1095,0.2509179,0.5816995,0.8415936,3781,2
1096,0.9069134,-0.51153016,0.9853759,3781,4
1097,-0.49388266,0.3953383,0.4144983,3782,0
1098,-0.28814632,0.82814306,1.0049077,3783,0
1099,-1.0088636,-1.1910217,1.777785,3783,2
1100,-0.87226725,-0.2964947,0.54323417,3784,0
1101,-0.6894472,-0.119722515,0.4262553,3784,2
1102,0.31199375,0.1934576,0.5467822,3785,0
1103,0.24057293,0.21848121,0.6861206,3785,1
1104,-0.026002303,0.26380885,0.116420716,3785,4
1105,-1.29582,0.52911603,0.38144714,3787,0
1106,-1.2338164,0.7914728,0.26572245,3787,1
1107,-1.2727469,0.61874974,0.3767574,3787,2
1108,-0.33713895,-1.3458741,0.97629815,3787,4
1109,-0.48706815,0.86612195,0.024739496,3788,0
1110,-0.22423151,-0.85035557,0.60929585,3788,1
1111,1.2234535,0.17921844,1.592546,3789,0
1112,0.82331556,0.147163,1.9158006,3789,1
1113,0.025775656,1.3437905,2.264823,3789,2
1114,0.662127,-0.67666215,1.4591709,3789,4
1115,0.8647664,0.9247871,0.77911913,3790,0
1116,-0.78148377,-1.9023354,2.4233286,3790,2
1117,0.99373376,0.84074247,1.9233918,3791,0
1118,2.3449936,-3.109231,2.0746202,3791,2
1119,2.7148566,-2.5279813,1.9656351,3791,4
1120,1.0780272,1.440543,0.8541119,3792,0
1121,1.7628281,-0.67325604,1.234144,3792,1
1122,1.3486079,-2.7974997,2.6636655,3792,2
1123,1.047461,-2.3154767,1.6537166,3792,4
1124,-0.9412866,0.35645235,0.19583087,3793,0
1125,-0.8343843,0.48003447,0.12331156,3793,1
1126,-1.148659,0.13590363,0.55586344,3793,2
1127,-0.7765881,0.5005398,0.47589165,3793,4
1128,-0.7264756,-0.95891875,0.50680506,3794,0
1129,-0.45027953,-1.1612257,0.8156706,3795,0
1130,-0.1367263,-1.2127528,0.9134878,3795,1
1131,-0.18704586,-0.9575774,1.1046125,3795,2
1132,-0.38796362,-1.1455656,0.90269595,3795,4
1133,0.24922842,0.99746656,-0.33298337,3796,0
1134,-0.6849245,2.1526577,-0.9375821,3800,0
1135,0.3753089,0.52111524,1.0098555,3802,0
1136,0.3997342,0.28217778,1.2051586,3802,2
1137,0.20415649,0.8970311,1.2527739,3802,4
1138,-0.36416137,1.9890565,0.59815913,3803,1
1139,-0.30448508,1.9364622,1.5559446,3804,1
1140,0.18233213,1.588212,1.1349064,3805,1
1141,1.0929794,0.76017547,2.2508903,3806,1
1142,-0.32900593,1.1292266,1.193698,3807,1
1143,-0.24116312,2.314785,-0.4411416,3808,0
1144,-0.50840455,2.1875417,-0.3188407,3808,2
1145,-0.5810782,2.072949,-0.30498677,3808,4
1146,0.46153814,2.0645258,0.31400147,3811,1
1147,-0.27011913,2.5002756,1.2655898,3812,1
1148,0.2608242,2.3006337,0.13588054,3813,1
1149,0.39749938,0.6575331,0.17240347,3814,1
1150,0.15333068,0.3274454,1.135587,3814,2
1151,0.40712756,0.37380955,0.4718003,3815,0
1152,0.46154606,0.72768754,0.8186614,3815,1
1153,0.21742402,0.27373478,0.3091529,3815,2
1154,0.44671184,0.5089313,0.24570182,3815,4
1155,0.25025403,1.9399872,0.2610728,3816,1
1156,0.91244483,2.646388,0.73810685,3817,1
1157,0.85374916,1.4909376,2.4263062,3818,0
1158,1.2451171,0.2854128,1.7478883,3818,1
1159,0.886729,1.2676497,2.8282065,3818,2
1160,-0.09201974,0.86027646,1.8526248,3819,0
1161,-0.09419347,1.3779404,1.8712574,3819,1
1162,-0.025033519,1.4584799,2.323824,3819,2
1163,0.49231428,1.29966,2.3839934,3819,4
1164,-0.043373972,-0.09454044,0.7324385,3820,0
1165,0.46935165,0.2228684,1.1105614,3820,2
1166,-0.66343004,0.26595372,0.5880438,3821,0
1167,-0.37446597,0.35747528,0.80354506,3821,2
1168,0.32031834,0.89022356,1.3903188,3822,0
1169,0.18547271,1.1684214,1.4905152,3822,1
1170,0.29521006,1.1392782,1.3934873,3822,2
1171,0.714728,1.1292866,1.1491818,3822,4
1172,-0.44694716,0.883284,1.0149254,3823,0
1173,-0.6130805,0.8458865,0.9805358,3823,1
1174,-0.6803681,0.64059204,1.0374432,3823,2
1175,-0.57089245,0.014384985,1.1746715,3823,4
1176,-1.514793,0.06431569,0.47046396,3824,0
1177,-1.7549086,0.7894501,0.48855126,3824,1
1178,-1.680064,0.85760915,0.6770249,3824,2
1179,-1.9812042,0.8576491,0.5468902,3824,4
1180,-0.28504962,0.12193596,1.1991966,3825,0
1181,0.45083758,0.38385913,1.1617302,3825,1
1182,0.08716574,0.028362699,1.2918525,3825,2
1183,-0.24939093,0.18520942,1.125958,3825,4
1184,-0.026573658,1.7429054,0.4574876,3826,0
1185,0.3030885,1.2898922,0.7743342,3826,1
1186,0.28876603,1.1925832,0.79169875,3826,2
1187,0.40030771,1.0381823,1.1221268,3826,4
1188,-1.3923739,0.53299654,0.32300496,3827,0
1189,-1.2514621,1.2828431,0.28720528,3828,0
1190,-1.3480179,1.3993345,0.26218244,3828,1
1191,-1.3815055,1.0678827,0.42949238,3828,2
1192,-0.48240072,-0.8045471,0.34891927,3828,4
1193,-1.5849171,0.82582587,0.44681284,3829,0
1194,-1.6881181,1.1562394,0.4745233,3829,1
1195,-0.4379478,-1.8186687,1.0398265,3829,2
1196,-1.3722153,0.60995984,0.7626187,3829,4
1197,-1.5084236,2.035346,0.6990038,3830,0
1198,-1.4784375,2.1059475,0.7515624,3830,1
1199,-1.4048668,1.7294868,0.7926513,3830,2
1200,-1.4607759,2.0481865,0.5486288,3830,4
1201,-0.30594575,1.5186197,-0.21272653,3831,0
1202,-0.39852616,1.6120191,-0.2673337,3831,1
1203,-0.48203915,1.6812289,-0.296968,3831,2
1204,-0.47406146,1.4239647,-0.2669185,3831,4
1205,0.32210293,1.4394324,0.29206657,3832,0
1206,0.9441174,-0.36178336,1.1941775,3832,1
1207,0.58369064,0.80606586,0.7969321,3832,2
1208,1.3997988,0.81046855,0.5371525,3832,4
1209,-0.19740322,-0.71648264,0.315113,3834,0
1210,-1.3687929,0.38910308,0.42953983,3834,1
1211,-1.5842979,0.5378711,0.6066176,3834,2
1212,0.0048730522,-0.8149655,0.5127881,3834,4
1213,0.06300403,1.8009189,0.4652184,3835,0
1214,-0.14186853,1.5041306,0.5107818,3835,1
1215,0.032301635,1.7377783,0.43654975,3835,2
1216,-0.12052871,1.643432,0.5344112,3835,4
1217,0.78236413,2.7607458,1.0521473,3836,0
1218,0.5640731,2.797256,0.7405237,3836,2
1219,-0.5192779,1.465309,0.28919584,3838,0
1220,-0.7113363,1.466143,0.32211018,3838,1
1221,-0.6758703,1.3735807,0.33297634,3838,2
1222,-1.1154841,0.6812277,0.60536224,3838,4
1223,-0.6329582,0.91461676,1.3216405,3850,0
1224,-1.2392565,0.42306444,1.239886,3851,0
1225,-0.2753864,0.38223827,0.7128786,3852,0
1226,-0.024105735,2.244169,1.4411851,3853,0
1227,-0.5699159,0.5688154,0.4933647,3854,0
1228,-0.3535092,-0.06559732,0.74739045,3855,0
1229,-0.99013424,0.058622155,0.9529422,3856,0
1230,-0.8741231,-0.86444116,0.90520334,3856,1
1231,-0.6813559,0.04076429,1.0500813,3856,2
1232,-0.7890774,-0.16833885,1.0012994,3856,4
1233,-0.51504993,0.261963,0.66211975,3856,5
1234,-0.62800384,1.3661609,0.93671983,3857,0
1235,-0.5635273,-0.8570948,0.69301933,3858,0
1236,-0.56644964,0.79286915,1.0239897,3859,0
1237,-1.4310781,0.18804216,1.9506421,3860,0
1238,-1.3147293,0.5050274,2.09322,3860,2
1239,-0.9824525,-0.3033129,1.2174921,3861,0
1240,-0.9274443,0.21090202,0.96006083,3861,2
1241,-1.0452703,-0.15482734,1.019922,3862,0
1242,-0.76364243,-0.086613834,1.1808386,3862,2
1243,-0.8157459,-0.17834595,0.8235687,3863,0
1244,-0.9479235,0.28132164,1.318793,3865,0
1245,-1.1268874,0.18759868,1.3164445,3865,2
1246,-0.55790985,-0.2807632,0.93804663,3866,0
1247,-0.116697796,0.12614234,1.6212546,3866,1
1248,-0.3987537,-0.80993193,0.6406234,3867,0
1249,0.0297368,-1.3518889,0.72551954,3868,0
1250,-0.045726966,-1.3136057,0.49748915,3868,1
1251,0.21919897,0.15633851,1.1988734,3869,0
1252,0.40541452,-0.42434838,0.8124805,3869,1
1253,0.097990386,-0.12958443,0.8431569,3869,4
1254,-1.5641874,0.31430882,1.3339779,3870,0
1255,-1.0304164,0.17273438,1.648303,3870,2
1256,-0.17805801,1.1243702,-0.11186974,3871,0
1257,-0.08008292,1.1145147,-0.12920123,3871,1
1258,0.4455817,1.1714728,0.47223693,3900,0
1259,0.38291234,1.1216962,0.724675,3900,1
1260,0.163297,1.0902838,0.68451893,3900,2
1261,0.4648791,-0.053999368,0.8779651,3901,0
1262,0.18385454,-0.09011563,0.5089242,3902,0
1263,0.63353586,2.2735198,0.94546163,3902,2
1264,0.24041274,-0.46500385,0.60591537,3903,0
1265,0.16851912,-0.44434905,0.24708903,3903,1
1266,0.43543193,-0.6894667,0.37676638,3903,2
1267,0.579581,2.5391443,0.69399893,3904,0
1268,2.168576,-0.6248309,0.22403817,3904,1
1269,2.3980606,-0.24940634,0.10916137,3904,2
1270,0.6712135,0.0976663,1.4286779,3905,0
1271,1.1102009,0.22555287,1.071365,3905,1
1272,0.813414,0.25122306,1.6745389,3905,2
1273,-0.9578679,-1.2996515,0.55181074,3907,0
1274,0.4165126,1.7161446,0.42334175,3908,0
1275,0.24246298,2.666129,-0.16158146,3910,0
1276,0.012562901,1.9260066,0.110096894,3910,1
1277,2.049069,0.0129179135,0.613935,3910,2
1278,0.0015781224,0.1063395,1.6530278,3911,0
1279,0.62142336,-0.20298332,1.4175593,3911,1
1280,0.35917634,-0.058621474,1.8483889,3911,2
1281,-0.64961576,1.1649188,-0.11313732,3914,0
1282,-0.47651696,1.0431778,-0.05577799,3914,1
1283,-0.7779338,1.3262668,0.05690137,3914,2
1284,-0.58905685,0.4084105,0.31594718,3915,0
1285,-0.865546,0.263185,0.60699,3915,2
1286,0.24270046,0.3630929,-0.15027711,3916,0
1287,-0.01200954,0.1447463,-0.004006764,3916,1
1288,-0.17076682,0.1655412,-0.0790446,3916,2
1289,-0.36437523,1.2377411,-0.026639253,3917,0
1290,0.7003095,2.0829515,0.31178987,3950,0
1291,0.028418887,0.3737212,0.6032963,3951,0
1292,-0.3465248,0.14189446,0.67219293,3951,1
1293,0.30926085,0.8804401,0.13865739,3951,2
1294,-0.47950453,1.4532592,0.7244422,3952,0
1295,-0.30000204,0.44353426,0.5468994,3953,0
1296,-0.42886552,-0.013112437,0.27007857,3953,2
1297,0.56485224,-1.9870622,0.08750096,3953,4
1298,0.047225088,0.9379958,0.2731053,3954,0
1299,-0.1544995,0.5043873,0.4727601,3954,1
1300,-0.09792605,0.5102216,0.52705806,3954,2
1301,0.67353874,-1.5226554,0.70141226,3954,4
1302,-1.13885,-0.050457332,0.82442915,3955,0
1303,0.46380794,0.7282237,0.17057462,3956,0
1304,0.16709206,0.5083748,0.2317357,3956,2
1305,0.7525294,0.45853645,0.051494315,3957,0
1306,1.3380842,0.4150437,0.060831986,3957,1
1307,1.0951176,0.52373254,0.07192995,3957,2
1308,0.37998858,-1.1562729,0.489598,3957,4
1309,-0.9286152,-0.02126158,1.6241595,3958,0
1310,-0.77649266,0.09090616,0.97641206,3959,0
1311,0.555949,0.8368453,0.206976,3960,0
1312,0.38516644,1.0211885,0.016708076,3960,1
1313,0.1244466,1.1264824,-0.09990018,3960,2
1314,0.8095515,-1.5197014,0.407035,3960,4
1315,-1.3016815,-0.9859927,1.0949876,3961,0
1316,-1.157225,-0.8067162,0.8294179,3961,1
1317,-1.1331842,-0.8588331,0.7945381,3961,2
1318,-0.7324737,-1.3811805,0.10614898,3961,4
1319,0.9589047,0.3183666,-0.18591894,3962,0
1320,-0.89346683,-0.99609524,1.1530626,3963,0
1321,-0.874256,-0.79135025,1.1489656,3963,1
1322,-0.87527597,-0.84894985,1.1528881,3963,2
1323,-0.19743195,-0.13749579,0.45797682,3964,0
1324,-0.31606543,-0.052948292,0.4666509,3964,1
1325,-0.25967926,-0.6321492,-0.30522233,3964,4
1326,0.8488537,-0.13877602,-0.041032236,3965,0
1327,-0.6761806,0.17389433,0.7991295,3966,0
1328,-0.7749122,-0.04275125,0.95604926,3967,0
1329,0.8363413,0.047840856,-0.23544517,3968,0
1330,0.94425124,-0.24523906,-0.44230855,3969,0
1331,0.7574887,0.17877688,-0.25776434,3970,0
1332,0.95645684,-0.17109457,-0.035984248,3970,1
1333,-0.018369406,-0.96852744,0.083579496,3970,4
1334,2.5907803,0.8954867,-2.3295312,3972,0
1335,2.7309961,0.077370435,-1.9502774,3972,1
1336,1.3727736,-1.410391,-0.9082041,3972,2
1337,1.251315,1.0578653,0.2844734,4001,0
1338,1.3466963,1.0944436,0.4277203,4001,1
1339,1.4107616,1.0125178,0.24855894,4001,2
1340,0.6454885,-0.9774586,1.1040868,4001,4
1341,-0.52025586,0.72326034,0.9754746,4004,0
1342,0.99219215,1.4720929,-0.058287844,4005,0
1343,1.5337977,1.4430665,0.02292282,4005,1
1344,2.0637226,-0.20178288,0.6410647,4005,2
1345,0.900532,-1.9800406,1.0978128,4005,4
1346,0.31710348,-0.12213291,0.080817066,4006,0
1347,-0.6708048,-0.011458416,0.7572978,4009,0
1348,-0.98186266,0.2936602,1.0564604,4010,0
1349,-0.58873326,0.43115318,0.5138563,4011,0
1350,-0.6307455,0.7114003,0.60034305,4011,1
1351,-0.40551764,0.5785766,0.67313164,4011,2
1352,-0.61872596,0.5980574,0.56975406,4011,4
1353,-0.7772912,-0.61362886,1.1421825,4012,0
1354,-0.49237093,-0.17928891,1.431927,4012,1
1355,-0.4766301,-0.46305275,1.0705149,4012,2
1356,-0.80164474,-0.32927725,1.1716561,4012,4
1357,0.37427127,1.299849,0.84664166,4013,0
1358,0.14088832,1.029167,1.1813047,4013,2
1359,0.629431,-0.46170717,-0.23632182,4016,0
1360,-0.5011835,0.11960709,0.8588339,4018,0
1361,-1.3668057,0.83613235,1.0806055,4019,0
1362,-0.54334635,-0.9545007,1.4687346,4019,1
1363,-1.3482592,0.992674,1.1969839,4019,2
1364,-1.6720049,0.9987091,1.0918863,4019,4
1365,0.6416334,-0.33115724,1.6632538,4020,0
1366,0.7757754,-0.41957325,2.062548,4020,1
1367,0.7705643,-0.07918367,1.6049285,4020,2
1368,0.7032214,-0.47866273,1.966661,4020,4
1369,-0.46038187,1.5295248,0.87983614,4021,0
1370,-0.034469426,1.6201335,1.032488,4021,1
1371,-0.02652049,1.4426401,1.6797314,4021,4
1372,-0.2971284,0.14760223,1.4714925,4022,0
1373,-0.24679501,0.055274535,0.8526784,4022,1
1374,-0.06034176,-0.054102946,1.1927397,4022,2
1375,0.028705657,1.6052055,1.1022741,4023,0
1376,0.62805706,1.3456727,1.1539416,4023,2
1377,0.10320711,0.84139526,0.36954436,4024,0
1378,0.6703445,0.7912996,0.3086494,4024,1
1379,0.50289977,0.9215636,0.76807374,4024,2
1380,0.20565125,1.2842873,1.1931763,4025,0
1381,0.50837743,1.7385491,1.0857493,4025,1
1382,0.3236734,1.4946406,0.9685136,4025,2
1383,0.6103081,1.8383865,1.365073,4025,4
1384,0.18088715,1.3179075,0.69101757,4026,0
1385,0.054314777,0.8312291,1.0508574,4026,1
1386,0.48029006,1.1996739,0.8568784,4026,2
1387,0.93315196,0.4408229,0.24395332,4027,0
1388,1.2975755,0.2513553,0.5702767,4027,1
1389,0.9577516,0.55738235,0.24339755,4027,2
1390,1.0162852,0.11693822,0.745713,4027,4
1391,0.4005792,1.4508849,0.0654248,4029,0
1392,0.25262275,1.529576,0.21477498,4029,1
1393,0.10456626,1.6417654,0.2715092,4029,2
1394,0.119288355,1.4470651,0.21728373,4029,4
1395,1.4621613,0.7944019,0.4210135,4030,0
1396,1.009947,0.69941694,0.28723603,4030,1
1397,1.2802557,0.53897274,0.5062411,4030,2
1398,1.0345744,0.75801337,0.4104865,4030,4
1399,-0.504946,0.9640044,0.74397814,4031,0
1400,-0.20932738,1.1956561,0.4485672,4031,2
1401,1.1977695,0.53947407,0.16885552,4032,0
1402,-1.3262402,1.1714725,1.161591,4033,0
1403,-1.1248689,1.246733,1.2865188,4033,1
1404,-1.3172498,1.131357,1.3420368,4033,2
1405,-1.5955797,1.3161154,1.2934792,4033,4
1406,0.19137931,0.9174939,0.9033872,4034,0
1407,0.2033004,0.95527154,1.3601102,4034,1
1408,0.16206011,0.78237146,1.1147988,4034,2
1409,0.32192722,0.94443417,1.458955,4034,4
1410,0.1889587,0.78467584,1.1021305,4035,0
1411,0.076164246,0.8684486,1.0785954,4035,1
1412,0.3172915,0.6719343,1.0038058,4035,2
1413,0.40063754,0.9151958,1.4519353,4035,4
1414,-0.06381822,0.8241424,-0.12783177,4036,0
1415,-0.2892704,0.24421088,-0.67114466,4037,0
1416,0.0149087915,-0.094797894,-0.3972102,4037,1
1417,-0.29667386,0.6134815,-0.34671715,4038,0
1418,-1.5641683,0.9340343,0.84478474,4038,1
1419,-0.34270063,0.8657228,-0.18936644,4038,2
1420,-0.45653278,0.8241828,-0.15973803,4038,4
1421,-0.12924837,1.1027675,1.1423838,4051,0
1422,-0.018232256,1.643445,1.5220727,4051,1
1423,0.5437819,0.7069665,1.4174048,4051,2
1424,0.9292021,0.03779441,1.2164682,4051,4
1425,1.1463587,1.7394041,2.2902088,4052,0
1426,2.5006957,0.34052473,2.3677833,4052,1
1427,2.1775959,-0.49480498,3.0377283,4052,2
1428,1.2738289,2.1180155,0.61893547,4053,0
1429,1.6118171,-0.41082862,0.9632708,4053,2
1430,-0.011946648,0.3980666,-1.0724522,4054,0
1431,0.2313349,0.32677662,-0.585296,4054,1
1432,0.22141853,0.48676792,-0.5285198,4054,2
1433,0.5582239,0.9813894,1.0478331,4055,0
1434,1.3947511,1.1384851,1.1983061,4055,1
1435,2.0769496,0.22885685,1.1516427,4055,2
1436,2.118628,1.8626431,-0.13167901,4056,0
1437,2.4033837,1.4034202,0.11898112,4056,1
1438,2.810162,1.6633015,0.63514197,4056,2
1439,1.5142088,1.5448847,0.4023245,4057,0
1440,1.2958084,1.7685,0.6546994,4057,1
1441,1.1907344,1.4263898,0.7037492,4057,2
1442,0.5065956,0.81634295,1.0381134,4058,0
1443,0.6519238,1.3210176,0.95152694,4058,1
1444,0.70133656,1.0581865,1.2220098,4058,2
1445,1.1605062,1.7758585,1.31518,4059,0
1446,0.8455657,1.4651648,1.1429938,4059,1
1447,2.4613056,0.14780605,0.9106776,4059,2
1448,-1.5405239,-1.071759,0.24358591,4064,0
1449,-1.6637372,-1.47218,0.41334045,4064,2
1450,0.30691117,0.07507722,1.1701305,4065,0
1451,0.63975626,-1.0126802,0.5930643,4065,1
1452,0.790444,0.20143655,0.7231557,4066,0
1453,0.21396653,1.207633,0.061563246,4067,0
1454,1.0019919,0.6707871,1.4302632,4070,0
1455,0.72447485,0.5002071,1.3312076,4070,1
1456,1.3464276,-0.4934603,1.67871,4070,2
1457,0.9545965,-1.053696,1.1143416,4070,3
1458,0.9431944,0.9101511,0.5380822,4071,0
1459,1.3506911,-0.9408309,1.2306226,4071,1
1460,0.9254846,-0.5663132,1.000004,4071,2
1461,1.004055,-0.9582134,1.247674,4071,4
1462,0.38975394,1.7089008,0.8029055,4072,0
1463,0.917611,-1.339406,1.6271292,4072,1
1464,1.1743639,0.15973508,1.474348,4072,2
1465,0.11162877,0.1637204,1.3278289,4073,0
1466,-0.16845459,0.7103077,1.2760726,4073,1
1467,0.6851682,0.54728186,2.0965464,4073,4
1468,0.5328302,-0.19538075,1.7840223,4073,5
1469,-0.13628039,-0.2955084,-0.14249618,4074,0
1470,-0.17577484,-0.23331784,0.075358205,4074,1
1471,-0.09311011,-0.16161817,-0.08202972,4074,2
1472,-0.59379554,-0.062496252,1.3021451,4075,0
1473,1.1806706,-0.1024286,0.12139141,4076,0
1474,1.1759088,-0.1090641,0.14584547,4076,1
1475,1.3721021,0.020820968,0.07633118,4076,2
1476,0.5777344,1.702096,0.6885431,4077,0
1477,0.60236406,1.0457685,0.48290473,4077,1
1478,0.42104083,0.8691896,0.8240506,4077,2
1479,0.62866014,0.96477705,0.7921125,4077,4
1480,1.0894196,0.5033553,-0.09818613,4078,0
1481,1.3160185,-0.98463196,0.07637918,4078,1
1482,1.167481,0.82274586,-0.3334596,4078,2
1483,1.1602354,0.73225254,-0.19841239,4078,4
1484,-0.60731053,-0.0036274393,0.35744053,4079,0
1485,0.034653746,1.825969,0.038189802,4090,0
1486,1.889297,1.4429802,1.9895751,4091,0
1487,1.4449847,0.8830176,1.7800524,4091,1
1488,2.0214958,0.4481485,1.4895669,4091,2
1489,2.719353,-0.0016408712,1.4523739,4091,4
1490,1.3185185,0.92684835,1.5140438,4092,0
1491,1.1440239,1.2798389,1.5007565,4092,1
1492,1.6152416,-0.15659988,1.9787822,4092,2
1493,1.0974646,-0.64542335,1.9656999,4092,4
1494,0.018109769,0.6800173,1.8679698,4093,0
1495,0.18323253,0.9384836,1.5441226,4093,1
1496,-0.2882977,-0.040010326,1.446093,4093,2
1497,-1.2683575,0.33904868,0.14790349,4094,0
1498,-1.3824402,0.112774454,-0.069644585,4094,1
1499,-1.3729264,0.22822495,0.09593835,4094,2
1500,1.1620877,2.0861335,0.27573383,4096,0
1501,0.7956905,2.1063106,0.7024663,4096,1
1502,0.47423849,-0.88916284,1.5595415,4096,2
1503,-0.25079474,0.23013328,-0.8971779,4098,0
1504,0.09253347,0.3994261,-0.8893214,4098,1
1505,-0.27273065,-0.0050570033,-0.6136164,4098,2
1506,0.21842767,0.50765264,-1.1179075,4098,4
1507,0.3956195,0.31724,0.8664049,4099,0
1508,0.031064421,0.40360242,0.8572533,4099,1
1509,0.4023095,0.2644441,0.8436569,4099,2
1510,0.42878217,0.41698903,1.2768182,4099,4
1511,0.47024608,1.6214237,0.15511726,4100,0
1512,0.34413853,1.0102862,1.6144375,4101,0
1513,1.9935493,0.14601299,0.78218055,4101,1
1514,1.1848934,0.16638523,1.1990681,4101,2
1515,0.56334484,0.66497123,-0.55505997,4102,0
1516,0.95794064,0.808336,-0.7761111,4102,1
1517,0.89829123,0.87478155,-0.865912,4102,2
1518,0.79510933,0.7702868,-0.6945364,4102,4
1519,0.36858934,0.002084896,0.60975444,4103,0
1520,0.059385184,0.3436792,0.64411104,4103,1
1521,0.7132953,-0.6206094,0.70051837,4103,2
1522,0.5228299,-0.5126953,0.6378644,4103,4
1523,0.94608146,2.8325639,-0.18843426,4104,0
1524,2.697515,3.0956018,-0.5335215,4105,0
1525,1.5970242,0.6903953,0.4834262,4106,0
1526,0.6559065,0.75494206,0.65958744,4106,1
1527,0.8443387,-0.41836727,0.8197699,4106,2
1528,0.96196425,0.49468553,0.4660972,4106,4
1529,2.6578708,1.9784395,1.2460535,4107,0
1530,2.421872,1.8608117,0.9637457,4107,1
1531,2.9066803,-0.6129175,1.8889796,4107,2
1532,1.7637132,0.622649,0.31694716,4108,0
1533,1.7734616,0.70264006,0.12067917,4108,1
1534,1.9314101,0.5453105,0.1883992,4108,2
1535,1.9846928,0.6078433,0.112367675,4108,4
1536,1.9684937,0.5623941,-0.1089688,4109,0
1537,1.8477292,0.7555359,-0.2921552,4109,1
1538,1.9989033,0.5363201,-0.1196726,4109,2
1539,2.1431458,0.07728998,0.06186579,4109,4
1540,1.7136141,1.1355058,0.28834838,4110,0
1541,2.3974817,0.21339512,0.5021353,4110,1
1542,1.9375663,1.4556283,0.492497,4110,2
1543,2.1886237,-0.07517581,0.5582838,4110,4
1544,1.2174385,1.0387807,-0.06764744,4111,0
1545,0.88194853,1.7893897,-0.38198072,4111,1
1546,0.5143141,1.4199812,0.07749997,4111,2
1547,1.0409292,-0.8136189,0.43520457,4111,4
1548,-1.0399477,0.2907599,-0.2744387,4112,0
1549,-1.1403683,0.6134815,-0.4736063,4112,1
1550,-1.1918842,0.69554,-0.3010781,4112,2
1551,-0.2573437,0.5322206,0.06725212,4113,0
1552,-0.7516427,0.8734425,1.0510877,4113,1
1553,-0.15904656,0.6500583,0.062470816,4113,2
1554,1.0087734,1.9188966,-1.7147036,4114,0
1555,0.7658204,1.7490134,-1.5523288,4114,1
1556,0.6544258,1.502359,-1.4612855,4114,2
1557,0.2441749,0.44199237,-0.38106543,4115,0
1558,0.34562197,0.49560875,-0.3298099,4115,1
1559,0.32994664,0.23385108,-0.1653592,4115,2
1560,0.291263,1.0975229,-0.7381024,4116,0
1561,-0.13478996,0.49782568,-0.4107545,4117,0
1562,-0.5386946,-0.00764909,-0.27569813,4117,1
1563,-0.1575001,0.5176519,-0.44139883,4117,2
1564,-0.6843718,-0.3570043,-0.14600362,4117,4
1565,0.091201305,0.8815263,-0.109717995,4118,0
1566,-0.3031151,0.26522538,0.4861463,4120,0
1567,0.24520704,0.13444579,0.6226851,4120,1
1568,0.12319934,0.5194363,0.71036446,4120,2
1569,2.0027966,0.8017707,0.96906567,4121,0
1570,-0.49525476,-0.8721536,0.7871443,4121,1
1571,2.0290754,0.763954,1.3244491,4121,2
1572,0.86543226,-0.9518881,-0.41929147,4122,0
1573,0.6608325,-0.8154819,-0.19412087,4122,1
1574,0.93421113,-0.75526315,-0.34038442,4122,2
1575,-0.11230247,0.5366299,-0.36449775,4123,0
1576,-0.3292883,-0.25931454,0.22189789,4123,1
1577,-0.5058546,-0.16200382,0.22096255,4123,2
1578,-0.2605793,0.53386706,-0.38199914,4123,4
1579,-0.32967436,0.77162606,-0.4806521,4124,0
1580,0.21597585,-0.7459352,0.1406956,4124,1
1581,1.2129335,0.61018234,-0.21539924,4124,2
1582,-0.66176236,-0.8282234,0.14580947,4125,0
1583,-0.6049363,-0.7291855,0.12200369,4125,2
1584,-0.41346964,-0.30242386,0.08943914,4126,0
1585,-0.047831077,-0.19405366,0.031026706,4126,1
1586,-0.17767327,-0.4299387,0.11216178,4126,2
1587,-0.19814564,-0.36001545,0.11314279,4126,4
1588,0.13464385,1.3429917,-0.48006204,4127,0
1589,0.30857235,1.4552811,-0.495158,4127,2
1590,-0.74717873,0.20708115,-0.17508717,4135,0
1591,0.49239516,-1.1097735,-0.4386927,4135,1
1592,-1.831699,-2.9826086,1.4017317,4135,2
1593,-1.9829447,1.532039,0.9241053,4136,0
1594,0.08186446,1.0979512,-0.48136306,4139,0
